-- Insertar marcas
INSERT INTO brand (id, name)
VALUES (1, 'Samsung'),
       (2, 'Apple'),
       (3, 'Nike'),
       (4, 'Adidas'),
       (5, 'LG');

-- Insertar categorías
INSERT INTO category (id, name, description, active)
VALUES (1, 'Electrónica', 'Dispositivos electrónicos y gadgets', true),
       (2, 'Hogar', 'Productos para el hogar y cocina', true),
       (3, 'Deportes', 'Artículos deportivos y de entrenamiento', true),
       (4, 'Moda', 'Ropa y accesorios', true),
       (5, 'Juguetes', 'Juguetes para todas las edades', true);

-- Insertar productos con descripción
INSERT INTO product (id, name, description, price, stock, available, brand_id)
VALUES (1, 'Smartphone', 'Teléfono móvil con pantalla OLED', 699.99, 50, true, 1),
       (2, 'Laptop', 'Portátil ultraligero con SSD', 999.99, 30, true, 2),
       (3, 'Auriculares Bluetooth', 'Auriculares inalámbricos con cancelación de ruido', 59.99, 100, true, 1),
       (4, 'Cafetera', 'Cafetera de cápsulas con función automática', 89.99, 25, true, 5),
       (5, 'Aspiradora', 'Aspiradora sin cable con alta potencia', 129.99, 15, true, 5),
       (6, 'Cinta de correr', 'Cinta para correr con pantalla LCD', 599.99, 10, true, 3),
       (7, 'Balón de fútbol', 'Balón profesional con certificación FIFA', 19.99, 200, true, 4),
       (8, 'Camiseta deportiva', 'Camiseta de poliéster transpirable', 29.99, 75, true, 3),
       (9, 'Zapatillas running', 'Zapatillas ligeras para correr', 79.99, 50, true, 3),
       (10, 'Chaqueta de invierno', 'Chaqueta térmica resistente al agua', 119.99, 30, true, 4),
       (11, 'Reloj inteligente', 'Reloj con monitor de frecuencia cardíaca', 199.99, 40, true, 1),
       (12, 'Bicicleta estática', 'Bicicleta de spinning con resistencia ajustable', 299.99, 15, true, 3),
       (13, 'Set de pesas', 'Set de pesas ajustables de 10 kg', 49.99, 80, true, 3),
       (14, 'Vestido de gala', 'Vestido elegante para eventos formales', 149.99, 25, true, 4),
       (15, 'Pantalón vaquero', 'Jeans de corte clásico', 59.99, 60, true, 4),
       (16, 'Sudadera con capucha', 'Sudadera de algodón con forro polar', 39.99, 45, true, 4),
       (17, 'Muñeca interactiva', 'Muñeca con voz y movimientos realistas', 34.99, 100, true, 5),
       (18, 'Coche teledirigido', 'Coche RC con control remoto y luces LED', 44.99, 90, true, 5),
       (19, 'Puzzle 1000 piezas', 'Rompecabezas de paisaje de 1000 piezas', 14.99, 150, true, 5),
       (20, 'Tablet', 'Tablet con pantalla de 10 pulgadas y 128GB', 299.99, 35, true, 2),
       (21, 'Teclado mecánico', 'Teclado retroiluminado con switches mecánicos', 89.99, 40, true, 1),
       (22, 'Freidora de aire', 'Freidora sin aceite con control digital', 99.99, 20, true, 5),
       (23, 'Juego de sartenes', 'Set de 3 sartenes antiadherentes', 79.99, 30, true, 5),
       (24, 'Batidora', 'Batidora de mano con accesorios', 69.99, 25, true, 5),
       (25, 'Pelota de baloncesto', 'Pelota oficial de la NBA', 24.99, 120, true, 4),
       (26, 'Mancuernas ajustables', 'Mancuernas de acero con ajuste de peso', 89.99, 50, true, 3),
       (27, 'Bolso de cuero', 'Bolso de piel genuina con diseño elegante', 199.99, 20, true, 4),
       (28, 'Gorra de béisbol', 'Gorra ajustable con logo bordado', 19.99, 100, true, 4),
       (29, 'Set de pintura', 'Kit de pinceles y acuarelas profesionales', 29.99, 80, true, 5),
       (30, 'Cámara digital', 'Cámara compacta con sensor de 20 MP', 499.99, 15, true, 1);

-- Relacionar productos con categorías (cada producto en al menos 2 categorías)
INSERT INTO product_category (product_id, category_id)
VALUES (1, 1),
       (1, 4),
       (2, 1),
       (2, 4),
       (3, 1),
       (3, 5),
       (4, 2),
       (4, 1),
       (5, 2),
       (5, 3),
       (6, 3),
       (6, 1),
       (7, 3),
       (7, 5),
       (8, 3),
       (8, 4),
       (9, 3),
       (9, 4),
       (10, 4),
       (10, 1),
       (11, 1),
       (11, 4),
       (12, 3),
       (12, 2),
       (13, 3),
       (13, 5),
       (14, 4),
       (14, 1),
       (15, 4),
       (15, 2),
       (16, 4),
       (16, 3),
       (17, 5),
       (17, 2),
       (18, 5),
       (18, 1),
       (19, 5),
       (19, 2),
       (20, 1),
       (20, 2),
       (21, 1),
       (21, 4),
       (22, 2),
       (22, 3),
       (23, 2),
       (23, 4),
       (24, 2),
       (24, 5),
       (25, 3),
       (25, 1),
       (26, 3),
       (26, 4),
       (27, 4),
       (27, 2),
       (28, 4),
       (28, 3),
       (29, 5),
       (29, 1),
       (30, 1),
       (30, 5);


